{
    "anchor1": "COM4",
    "anchor2": "COM6",
    "anchor3": "COM8",
    "mobile_device": "COM3",
    "start_signal": {
        "COM4": 140,
        "COM6": 160,
        "COM8": 180
    },
    "anchor_position": {
        "COM4": [
            3.0,
            0.0
        ],
        "COM6": [
            0.0,
            2
        ],
        "COM8": [
            -2.0,
            0.0
        ]
    },
    "base_distance": {
        "COM4": 2.0,
        "COM6": 2.0,
        "COM8": 2.0
    },
    "base_amplitude": {
        "COM4": 1.1153673706054688,
        "COM6": 0.8999267578125,
        "COM8": 1.172571533203125
    },
    "calibration_amplitude": {
        "COM4": 0.8999267578125,
        "COM6": 0.8999267578125,
        "COM8": 0.8999267578125
    },
    "calibration_distance": {
        "COM4": 3.0,
        "COM6": 3.0,
        "COM8": 3.0
    },
    "distance": {
        "COM4": 4.376293877484752,
        "COM6": 2.3427923026745354,
        "COM8": 3.006631833828205
    },
    "n_rate": {
        "COM4": 0.8331338538463419,
        "COM6": 0.9170794678365962,
        "COM8": 0.9401246797534237
    }
}