{
    "anchor1": "COM5",
    "anchor2": "COM4",
    "mobile_device": "COM3",
    "start_signal": {
        "COM5": 120,
        "COM4": 140
    },
    "anchor_position": {
        "COM5": [
            0.75,
            0.07
        ],
        "COM4": [
            0.0,
            0.5
        ]
    },
    "base_distance": {
        "COM5": 0.5,
        "COM4": 0.5
    },
    "base_amplitude": {
        "COM5": 1.8142507324218748,
        "COM4": 1.655359680175781
    },
    "calibration_amplitude": {
        "COM5": 1.6264484252929685,
        "COM4": 1.6037750244140625
    },
    "calibration_distance": {
        "COM5": 1.0,
        "COM4": 0.7
    },
    "distance": {
        "COM5": 0.35035161525040454,
        "COM4": 615.2466792769668
    },
    "n_rate": {
        "COM5": 2.970789334934186,
        "COM4": 1.6809999311413955
    }
}