{
    "anchor1": "COM4",
    "anchor2": "COM6",
    "anchor3": "COM8",
    "mobile_device": "COM3",
    "start_signal": {
        "COM4": 140,
        "COM6": 160,
        "COM8": 180
    },
    "anchor_position": {
        "COM4": [
            3.0,
            0.0
        ],
        "COM6": [
            -2.0,
            0.0
        ],
        "COM8": [
            0.0,
            2
        ]
    },
    "base_distance": {
        "COM4": 3.0,
        "COM6": 2.0,
        "COM8": 2.0
    },
    "base_amplitude": {
        "COM4": 1.3426552734375,
        "COM6": 1.5286508789062498,
        "COM8": 1.172571533203125
    },
    "calibration_amplitude": {
        "COM4": 1.27477001953125,
        "COM6": 1.5021163330078124,
        "COM8": 1.1725513916015624
    },
    "calibration_distance": {
        "COM4": 3.0,
        "COM6": 3.0,
        "COM8": 3.0
    },
    "distance": {
        "COM4": 4.376293877484752,
        "COM6": 2.3427923026745354,
        "COM8": 3.006631833828205
    },
    "n_rate": {
        "COM4": 1.6765124589295,
        "COM6": 0.9170794678365962,
        "COM8": 0.9401246797534237
    }
}