{
    "anchor1": "COM8",
    "anchor2": "COM6",
    "mobile_device": "COM3",
    "start_signal": {
        "COM8": 180,
        "COM6": 160
    },
    "anchor_position": {
        "COM8": [
            2.0,
            0
        ],
        "COM6": [
            0.0,
            -2
        ]
    },
    "base_distance": {
        "COM8": 2.5,
        "COM6": 2.5
    },
    "base_amplitude": {
        "COM8": 0.9572537841796874,
        "COM6": 0.9112584228515626
    },
    "calibration_amplitude": {
        "COM8": 1.6264484252929685,
        "COM6": 0.8999267578125
    },
    "calibration_distance": {
        "COM8": 1.0,
        "COM6": 2.5
    },
    "distance": {
        "COM8": 0.35035161525040454,
        "COM6": 615.2466792769668
    },
    "n_rate": {
        "COM8": 2.970789334934186,
        "COM6": 1.6809999311413955
    }
}